Arthur Manoel Csar da Conceio,666.061.121-50,(49) 99171-8048,Arthur.Manoel.Cesar.da.Conceieeo@gmail.com,9998,334
Calebe Heitor Lopes,841.622.927-95,(96) 99314-3163,Calebe.Heitor.Lopes@gmail.com,9993,717
Breno Ricardo Anderson Barbosa,557.157.808-45,(93) 99300-8198,Breno.Ricardo.Anderson.Barbosa@gmail.com,9990,903
Diego Bryan Assis,487.024.298-29,(48) 99923-7407,Diego.Bryan.Assis@gmail.com,9983,90
Enrico Vitor Assis,443.449.524-05,(27) 99283-0047,Enrico.Vitor.Assis@gmail.com,9974,780
Stella Clara Brito,897.399.525-18,(96) 98894-9444,Stella.Clara.Brito@gmail.com,9974,190
Erick Manuel Yago Rodrigues,607.774.419-00,(67) 99368-6675,Erick.Manuel.Yago.Rodrigues@gmail.com,9957,305
Cludia Rosa Cludia Santos,635.133.727-52,(22) 98410-5380,Cleudia.Rosa.Cleudia.Santos@gmail.com,9956,451
Bernardo Davi Galvo,020.414.771-99,(85) 98647-9147,Bernardo.Davi.Galveo@gmail.com,9949,821
Raquel Antonella Fernanda Pinto,204.026.257-14,(45) 98635-1760,Raquel.Antonella.Fernanda.Pinto@gmail.com,9946,201
Louise Rosa Pereira,152.001.147-48,(93) 99249-3131,Louise.Rosa.Pereira@gmail.com,9937,663
Laura Jssica Caldeira,644.804.742-50,(81) 99418-0440,Laura.Jessica.Caldeira@gmail.com,9934,819
Pedro Danilo Martins,301.125.625-07,(61) 99244-9042,Pedro.Danilo.Martins@gmail.com,9923,539
Victor Kevin Rezende,368.917.648-40,(65) 99732-0131,Victor.Kevin.Rezende@gmail.com,9919,794
Otvio Bryan Fogaa,130.499.906-86,(95) 98760-2265,Otevio.Bryan.Fogaea@gmail.com,9911,51
Thomas Geraldo Martin Porto,001.160.788-20,(63) 99592-3264,Thomas.Geraldo.Martin.Porto@gmail.com,9902,678
Manoel Thiago Matheus Rezende,857.511.681-94,(95) 98319-2355,Manoel.Thiago.Matheus.Rezende@gmail.com,9893,535
Carlos Miguel Jesus,205.281.116-80,(69) 98892-5434,Carlos.Miguel.Jesus@gmail.com,9892,853
Paulo Renan Alves,240.999.459-87,(68) 98850-2856,Paulo.Renan.Alves@gmail.com,9888,115
Noah Guilherme Souza,393.276.612-14,(83) 98969-0983,Noah.Guilherme.Souza@gmail.com,9887,829
Gustavo Thiago Sales,207.334.678-22,(79) 99925-6098,Gustavo.Thiago.Sales@gmail.com,9885,896
Patrcia Cristiane Brbara Moreira,240.394.404-12,(54) 99788-9277,Patrecia.Cristiane.Berbara.Moreira@gmail.com,9884,924
Alice Julia Lima,769.467.333-80,(83) 98972-0337,Alice.Julia.Lima@gmail.com,9881,856
Mariane Flvia Pereira,757.277.883-66,(69) 99705-5391,Mariane.Flevia.Pereira@gmail.com,9877,856
Lorenzo Bernardo Nunes,085.134.832-73,(67) 98906-1428,Lorenzo.Bernardo.Nunes@gmail.com,9864,328
Isis Lara da Silva,661.875.171-30,(95) 98948-4330,Isis.Lara.da.Silva@gmail.com,9861,987
Francisco Kau Benedito Arajo,546.659.869-08,(96) 98763-2108,Francisco.Kaue.Benedito.Araejo@gmail.com,9844,570
Leandro Geraldo da Conceio,120.593.635-19,(27) 99883-3338,Leandro.Geraldo.da.Conceieeo@gmail.com,9837,819
Pedro Manuel Peixoto,971.786.609-02,(27) 99628-5573,Pedro.Manuel.Peixoto@gmail.com,9833,165
Anderson Davi Yago Moraes,879.787.362-45,(69) 99587-2313,Anderson.Davi.Yago.Moraes@gmail.com,9833,147
Marcos Vinicius Kau Severino Porto,878.713.786-00,(49) 98711-5605,Marcos.Vinicius.Kaue.Severino.Porto@gmail.com,9822,853
Elo Alcia Esther da Silva,158.758.407-73,(89) 99578-5165,Eloe.Alecia.Esther.da.Silva@gmail.com,9815,934
Rafaela Gabrielly Martins,415.101.662-70,(75) 99273-4870,Rafaela.Gabrielly.Martins@gmail.com,9810,116
Elza Tereza Moraes,040.629.663-44,(79) 99615-4721,Elza.Tereza.Moraes@gmail.com,9804,600
Igor Mrio Vinicius Fogaa,481.937.143-69,(64) 98684-8429,Igor.Merio.Vinicius.Fogaea@gmail.com,9798,1000
Kaique Nathan Victor Sales,217.778.960-53,(89) 99818-6388,Kaique.Nathan.Victor.Sales@gmail.com,9794,990
Carla Lavnia da Cruz,502.348.525-00,(62) 99577-9762,Carla.Lavenia.da.Cruz@gmail.com,9788,824
Vitor Daniel Csar Arajo,798.566.238-39,(21) 98362-4465,Vitor.Daniel.Cesar.Araejo@gmail.com,9787,562
Patrcia Luciana Mirella Teixeira,651.832.007-93,(79) 98514-4916,Patrecia.Luciana.Mirella.Teixeira@gmail.com,9786,699
Kaique Oliver dos Santos,105.518.524-02,(41) 98365-5366,Kaique.Oliver.dos.Santos@gmail.com,9783,858
Rodrigo Pietro Gonalves,911.065.539-50,(91) 98500-2199,Rodrigo.Pietro.Gonealves@gmail.com,9779,202
Benedito Benedito Renan Sales,737.100.784-07,(67) 98718-5486,Benedito.Benedito.Renan.Sales@gmail.com,9775,72
Juan Benjamin Iago Galvo,241.823.818-07,(92) 98441-8893,Juan.Benjamin.Iago.Galveo@gmail.com,9775,994
Bianca Heloise Nina Melo,882.214.844-40,(86) 99492-4237,Bianca.Heloise.Nina.Melo@gmail.com,9769,193
Osvaldo Emanuel Cludio Baptista,829.262.128-87,(65) 99435-4071,Osvaldo.Emanuel.Cleudio.Baptista@gmail.com,9767,936
Thiago Mrio Gomes,264.250.116-70,(84) 99384-7791,Thiago.Merio.Gomes@gmail.com,9762,733
Cau Benjamin Vieira,920.899.945-92,(41) 99207-8212,Caue.Benjamin.Vieira@gmail.com,9758,596
Filipe Leandro Tiago Ferreira,964.649.244-43,(84) 98391-7954,Filipe.Leandro.Tiago.Ferreira@gmail.com,9757,187
Sophie Isadora Elza Silveira,467.825.703-94,(93) 98223-2163,Sophie.Isadora.Elza.Silveira@gmail.com,9751,971
Sueli Raquel Caldeira,036.390.681-90,(96) 99377-5077,Sueli.Raquel.Caldeira@gmail.com,9739,478
Martin Gustavo Igor Castro,614.506.783-78,(48) 98138-0468,Martin.Gustavo.Igor.Castro@gmail.com,9735,17
Mariah Heloise Sueli Moraes,647.727.753-07,(63) 98732-1599,Mariah.Heloise.Sueli.Moraes@gmail.com,9731,847
Gael Calebe Kevin Sales,225.502.890-56,(91) 98621-7010,Gael.Calebe.Kevin.Sales@gmail.com,9729,730
Felipe Gustavo Yuri Galvo,678.863.013-58,(21) 98221-6023,Felipe.Gustavo.Yuri.Galveo@gmail.com,9725,514
Henry Bruno Vicente Farias,823.071.450-95,(98) 99375-8564,Henry.Bruno.Vicente.Farias@gmail.com,9725,136
Caleb Emanuel da Luz,732.184.027-19,(86) 99535-4769,Caleb.Emanuel.da.Luz@gmail.com,9720,975
Miguel Raimundo Vitor Rodrigues,439.092.063-44,(27) 98687-3706,Miguel.Raimundo.Vitor.Rodrigues@gmail.com,9716,26
Iago Geraldo Paulo Silva,650.260.379-33,(68) 98328-8324,Iago.Geraldo.Paulo.Silva@gmail.com,9715,275
Tiago Bencio Bento Novaes,919.898.063-76,(21) 99640-3114,Tiago.Benecio.Bento.Novaes@gmail.com,9715,409
Srgio Andr Sebastio Drumond,228.423.297-32,(92) 98816-4324,Sergio.Andre.Sebastieo.Drumond@gmail.com,9714,587
Theo Tiago Daniel Moreira,683.330.082-83,(38) 98364-5239,Theo.Tiago.Daniel.Moreira@gmail.com,9709,650
Sueli Sandra Laura Corte Real,187.411.530-30,(92) 98887-9884,Sueli.Sandra.Laura.Corte.Real@gmail.com,9707,19
Nicolas Danilo Pedro da Cruz,517.260.309-38,(86) 99459-4840,Nicolas.Danilo.Pedro.da.Cruz@gmail.com,9706,936
Renato Enzo da Mata,485.412.727-96,(92) 98607-9884,Renato.Enzo.da.Mata@gmail.com,9704,852
Elias Alexandre Castro,619.501.868-65,(86) 98601-0023,Elias.Alexandre.Castro@gmail.com,9700,737
Vera Natlia Louise Silveira,795.963.853-56,(79) 99498-1554,Vera.Natelia.Louise.Silveira@gmail.com,9693,434
Breno Lucas Almada,012.725.832-95,(63) 99347-9834,Breno.Lucas.Almada@gmail.com,9686,13
Yasmin Marina Tereza Ribeiro,453.654.735-58,(11) 98716-4453,Yasmin.Marina.Tereza.Ribeiro@gmail.com,9685,484
Helena Flvia Luana Duarte,127.024.249-02,(27) 98472-3005,Helena.Flevia.Luana.Duarte@gmail.com,9685,362
Jorge Fbio Edson Rocha,903.386.311-19,(63) 98368-6387,Jorge.Febio.Edson.Rocha@gmail.com,9676,618
Ryan Alexandre Mateus Almada,436.312.895-02,(12) 98181-0613,Ryan.Alexandre.Mateus.Almada@gmail.com,9670,135
Antnia Sebastiana Aparcio,708.092.351-45,(86) 98629-3770,Antenia.Sebastiana.Aparecio@gmail.com,9669,635
Cau Arthur da Costa,260.161.100-60,(32) 99174-7935,Caue.Arthur.da.Costa@gmail.com,9667,31
Jaqueline Rosngela Pires,384.603.637-40,(96) 99139-3635,Jaqueline.Rosengela.Pires@gmail.com,9666,755
Manuel Erick Breno Pires,580.581.435-88,(66) 98686-3313,Manuel.Erick.Breno.Pires@gmail.com,9664,969
Isabella Rosa Catarina Peixoto,586.645.553-62,(82) 99906-8079,Isabella.Rosa.Catarina.Peixoto@gmail.com,9663,431
Elo Carolina Mariah Silveira,983.500.143-00,(86) 99362-4548,Eloe.Carolina.Mariah.Silveira@gmail.com,9662,612
Henry Luan Silveira,086.547.389-79,(61) 98765-7535,Henry.Luan.Silveira@gmail.com,9657,286
Lvia Camila Carla Cavalcanti,214.803.171-60,(69) 98903-4815,Levia.Camila.Carla.Cavalcanti@gmail.com,9657,215
Gabrielly Juliana Jennifer Silveira,986.846.882-52,(85) 98118-1511,Gabrielly.Juliana.Jennifer.Silveira@gmail.com,9656,858
Arthur Bernardo da Paz,341.059.995-91,(75) 99632-2970,Arthur.Bernardo.da.Paz@gmail.com,9653,384
Mrcia Sandra Galvo,328.379.249-62,(48) 99481-5466,Mercia.Sandra.Galveo@gmail.com,9650,453
Benedito Yago Peixoto,540.782.497-36,(98) 99510-7942,Benedito.Yago.Peixoto@gmail.com,9648,112
Stella Vanessa da Mota,469.687.334-04,(83) 98124-4503,Stella.Vanessa.da.Mota@gmail.com,9644,117
Luana Luna de Paula,176.462.274-04,(27) 99100-3351,Luana.Luna.de.Paula@gmail.com,9641,95
Pedro Emanuel da Luz,998.606.364-78,(71) 98616-5069,Pedro.Emanuel.da.Luz@gmail.com,9633,112
Kaique Henry Sebastio Barros,196.627.434-30,(83) 99991-8538,Kaique.Henry.Sebastieo.Barros@gmail.com,9625,844
Ryan Severino Eduardo Duarte,461.892.363-67,(91) 98902-3863,Ryan.Severino.Eduardo.Duarte@gmail.com,9625,598
Renato Hugo Lorenzo Lopes,907.744.512-97,(85) 98321-8484,Renato.Hugo.Lorenzo.Lopes@gmail.com,9619,287
Maya Jennifer Carvalho,573.061.721-66,(98) 99853-4445,Maya.Jennifer.Carvalho@gmail.com,9619,511
Regina Priscila Barros,747.437.178-25,(81) 98782-0702,Regina.Priscila.Barros@gmail.com,9618,344
Aline Sophia Andreia Lima,253.245.362-10,(11) 99545-8783,Aline.Sophia.Andreia.Lima@gmail.com,9617,275
Raimunda Daniela Marli Viana,937.376.474-88,(79) 98857-9858,Raimunda.Daniela.Marli.Viana@gmail.com,9616,37
Liz Eliane Nogueira,432.370.938-23,(65) 98937-7947,Liz.Eliane.Nogueira@gmail.com,9615,440
Cau Arthur da Costa,260.161.100-60,(32) 99174-7935,Caue.Arthur.da.Costa@gmail.com,9609,983
Isabela Beatriz Sueli Caldeira,026.044.247-03,(85) 98889-6664,Isabela.Beatriz.Sueli.Caldeira@gmail.com,9608,243
Lorenzo Pedro Henrique Kaique Figueiredo,332.297.937-73,(86) 98652-3181,Lorenzo.Pedro.Henrique.Kaique.Figueiredo@gmail.com,9605,585